{
  "feedback": [
    {
      "id": "1",
      "title": "Firt Post",
      "datetime": "APR 10 , 2024 12:11.45 PM",
      "body": "Third Post Details , This Post is About React.React is Really Vey Excellent Library For FrontEnd."
    },
    {
      "id": "2",
      "title": "Second Post",
      "datetime": "Jun 24 , 2025 1:46:26 PM",
      "body": "Post About AI"
    },
    {
      "id": 2,
      "title": "Java",
      "datetime": "Dec 11,2025 2:23:06 PM",
      "body": "Java is My Fav Subject"
    },
    {
      "id": 2,
      "title": "Python",
      "datetime": "Dec 11,2025 2:23:36 PM",
      "body": "Python is Base For AI"
    },
    {
      "id": 3,
      "title": "JavaScript",
      "datetime": "Dec 11,2025 2:26:19 PM",
      "body": "Javascript is Base For React"
    },
    {
      "id": 4,
      "title": "",
      "datetime": "Dec 11,2025 3:51:47 PM",
      "body": ""
    }
  ]
}